title,company,location,link
Remote Experienced Frontend Engineer - React,"Theorem, LLC",No office location,https://stackoverflow.com/jobs/562427
Senior Software Engineer - React Native,uShip,"Austin, TX",https://stackoverflow.com/jobs/550764
Senior Software Engineer (React),Higher Logic,"Montreal, QC, Canada",https://stackoverflow.com/jobs/536301
React Native Developer (Remote),X-Team,No office location,https://stackoverflow.com/jobs/534458
(Senior) React Frontend Engineer - Core Functionality / all genders,Elinvar GmbH,"Berlin, Germany",https://stackoverflow.com/jobs/562577
(Senior) Frontend Engineer | Angular or React | Barcelona,Dynatrace,"Barcelona, Spain",https://stackoverflow.com/jobs/559775
Full Stack Java/React Developer,Portland Webworks,"Portland, ME",https://stackoverflow.com/jobs/524803
Senior Frontend Software Developer | React JS / Typescript f/m/x - HR Tech,HeavenHR,"Berlin, Deutschland",https://stackoverflow.com/jobs/565888
Senior React Engineer / Mobile Software Developer (Remote),Branding Brand,No office location,https://stackoverflow.com/jobs/546545
Senior React Engineer,RV LIFE,No office location,https://stackoverflow.com/jobs/565949
(Senior) Full-Stack Web Developer - React | Typescript | Python | Kubernetes,Dynatrace,"Wien, Austria",https://stackoverflow.com/jobs/559763
React Developer - DWH team,Supermetrics Oy,"Helsinki, Finland",https://stackoverflow.com/jobs/565838
Junior Frontend (TypeScript / React) Engineer (m/f/x),Alasco,"München, Germany",https://stackoverflow.com/jobs/559738
Full-Stack Software Engineer (React/Node - Integrations/API),Articulate Inc.,No office location,https://stackoverflow.com/jobs/504249
(Junior) React Front-End Developer,Jacando AG,"Basel, Schweiz",https://stackoverflow.com/jobs/565270
Full-Stack Javascript Developer (Node.js / React / Next.js),OOZOU,No office location,https://stackoverflow.com/jobs/565669
React Native / Node.js Full Stack Developer,Food Revolution Network,"Santa Cruz, CA",https://stackoverflow.com/jobs/565956
App Engineer - React Native,Joint Academy,"Malmo, Sweden",https://stackoverflow.com/jobs/558398
Front End Developer-React,RumbleOn,"Irving, TX",https://stackoverflow.com/jobs/565905
Software Engineer – JavaScript + React,zooplus AG,"Kraków, Poland",https://stackoverflow.com/jobs/545496
"Full Stack Engineer (Java, React) - Remote/US Based",Modus Create,No office location,https://stackoverflow.com/jobs/559041
"Front End Engineer (React, Typescript)",Modus Create,No office location,https://stackoverflow.com/jobs/565852
Frontend developer (NextJS/React) with a passion for open source,5 Monkeys Agency ABvia5 Monkeys Agency AB,"Stockholm, Sweden",https://stackoverflow.com/jobs/546430
React Front End Developer,"Daupler, Inc.","Kansas City, MO",https://stackoverflow.com/jobs/523351
React Software Engineer @ Nozomi Networks,Nozomi Networks,"Mendrisio, Switzerland",https://stackoverflow.com/jobs/526403
Typescript/React expert (+3 years),Prezly,No office location,https://stackoverflow.com/jobs/546669
"Full Stack Engineer (Java, React) - Remote/US Based",Modus Create,No office location,https://stackoverflow.com/jobs/559041
REMOTE Techlead React (TS) Frontend (m/f/x) - Global Marketplace Solution,"AVANTGARDE - ""Creating Fans""",No office location,https://stackoverflow.com/jobs/498049
Frontend developer (NextJS/React) with a passion for open source,5 Monkeys Agency ABvia5 Monkeys Agency AB,"Stockholm, Sweden",https://stackoverflow.com/jobs/546430
React Front End Developer,"Daupler, Inc.","Kansas City, MO",https://stackoverflow.com/jobs/523351
React Software Engineer @ Nozomi Networks,Nozomi Networks,"Mendrisio, Switzerland",https://stackoverflow.com/jobs/526403
React Developer (Remote),X-Team,No office location,https://stackoverflow.com/jobs/534457
"Senior Frontend Developer (gn) React, TypeScript, GraphQL",LichtBlick SE,"Hamburg, Germany",https://stackoverflow.com/jobs/557615
Développeur Elm/Typescript React/Angular (F/H),Thegreendata,"Paris, France",https://stackoverflow.com/jobs/528472
Full-Stack Software Engineer (React/Ruby on Rails),Articulate Inc.,No office location,https://stackoverflow.com/jobs/504254
Engineering Manager (React/Node/JavaScript/AWS),Articulate Inc.,No office location,https://stackoverflow.com/jobs/504256
React Frontend Entwickler (m/w/d),atene KOMviaComputer Futures Solutions GmbH,"Berlin, Germany",https://stackoverflow.com/jobs/503123
Front-end Developer (React),Shypple,"Rotterdam, Netherlands",https://stackoverflow.com/jobs/315697
Senior Frontend React Developer,AIR MILES,"Toronto, ON, Canada",https://stackoverflow.com/jobs/539247
Fullstack Developer (Python/React),We Got POP Ltd,"London, UK",https://stackoverflow.com/jobs/525267
Mid/Senior React Native Developer,Photobooth Supply Co,"Santa Ana, CA",https://stackoverflow.com/jobs/565782
"Senior Full-Stack Scala Developer | ZIO, Spark, TypeScript, React",Dé VakantieDiscounter,"Amsterdam, Netherlands",https://stackoverflow.com/jobs/524019
React Native Engineer,Picnic,"Amsterdam, Netherlands",https://stackoverflow.com/jobs/174497
Front-End Developer (i.e. React),Imaginary Cloud,No office location,https://stackoverflow.com/jobs/565808
A Full Stack Developer (JS/ React+Java) for a top user-generated travel website,Pentalog,"Guadalajara, Mexico",https://stackoverflow.com/jobs/555641
"Senior Developer (React, Node.js) (m/f/d)",Ziegert EverEstate GmbH,"Berlin, Deutschland",https://stackoverflow.com/jobs/394267
Frontend Developer (m/w/d) ReactJS,NETZSCH Process Intelligence GmbH,"Selb, Deutschland",https://stackoverflow.com/jobs/565601
Fullstack Cloud Engineer (Python/React/AWS),Montash,No office location,https://stackoverflow.com/jobs/556128
Pixel-Perfect Front End/React Developer -work Remotely for an Inc. 5000 Company!,OnePak Inc,No office location,https://stackoverflow.com/jobs/467318
Javascript Developer (React.js/Node.js),Imaginary Cloud,No office location,https://stackoverflow.com/jobs/565719
Fullstack Developer (.Net & React/ Angular) - HealthTech startup,HealthHero,"London, UK",https://stackoverflow.com/jobs/534432
REMOTE Techlead React (TS) Frontend (m/f/x) - Global Marketplace Solution,"AVANTGARDE - ""Creating Fans""",No office location,https://stackoverflow.com/jobs/498049
Front-end Developer (React),Shypple,"Rotterdam, Netherlands",https://stackoverflow.com/jobs/315697
Mid/Senior React Native Developer,Photobooth Supply Co,"Santa Ana, CA",https://stackoverflow.com/jobs/565782
*REMOTE* React.js (Node.js) TypeScript FE/FS Engineer (m/f/x)-Global Marketplace,"AVANTGARDE - ""Creating Fans""",No office location,https://stackoverflow.com/jobs/433429
"Senior Full-Stack Scala Developer | ZIO, Spark, TypeScript, React",Dé VakantieDiscounter,"Amsterdam, Netherlands",https://stackoverflow.com/jobs/524019
Javascript Developer - React or Angular or VueJS,Arcanys,No office location,https://stackoverflow.com/jobs/551985
Lead Full Stack Developer (f/m/x) React & Node.js,Cosuno,"Berlin, Germany",https://stackoverflow.com/jobs/522359
(React / Typescript / GraphQL) - Frontend Developer,OpenUnited,No office location,https://stackoverflow.com/jobs/565952
Engineering Manager (React/Node/JavaScript/AWS),Articulate Inc.,No office location,https://stackoverflow.com/jobs/504256
"SENIOR FULL-STACK DEV WITH RUBY / PYTHON / REACT NATIVE -- 100% REMOTE, FLEXIBLE",Analytics Fire,No office location,https://stackoverflow.com/jobs/517987
"Senior Web Engineer | TypeScript, React.js, Next.js | High Traffic E-commerce",Dé VakantieDiscounter,"Amsterdam, Netherlands",https://stackoverflow.com/jobs/557189
Senior React Developer,BET Software,"Umhlanga, South Africa",https://stackoverflow.com/jobs/562563
Senior React Engineer,Whitespectre,No office location,https://stackoverflow.com/jobs/565928
R&D React Developer (F/HX),Klaxoon,"Rennes, France",https://stackoverflow.com/jobs/561439
Frontend Developer (m/w/d) - React,codestryke GmbH,"München, Deutschland",https://stackoverflow.com/jobs/561551
React Native - work from home for a cutting-edge UK software startup (UK only),Axsy,No office location,https://stackoverflow.com/jobs/157276
Front End Developer - React / Typescript,Zing Dev Limited,"London, UK",https://stackoverflow.com/jobs/565615
Senior Full Stack Developer (f/m/x) React & Node.js,Cosuno,"Berlin, Germany",https://stackoverflow.com/jobs/354357
Senior Frontendutvecklare - React,Learnifier,"Stockholm, Sweden",https://stackoverflow.com/jobs/506872
Senior Frontend Engineer (React + Typescript),Bigblue,"Paris, France",https://stackoverflow.com/jobs/505291
Senior Software Engineer (Ruby on Rails & React),Home Chef,No office location,https://stackoverflow.com/jobs/519747
React Developer - Are you available for the most recognized sports retailer ?,Pentalog,No office location,https://stackoverflow.com/jobs/554216
Senior React Native Engineer,Pollen,"London, UK",https://stackoverflow.com/jobs/526174
React Native / Mobile Engineer (f/m/d),CoachHub GmbH,No office location,https://stackoverflow.com/jobs/504201
"Arista Networks is hiring Front End Engineer for Dublin office(JS, React+Redux)","Arista Networks, Inc","Dublin, Ireland",https://stackoverflow.com/jobs/482910
React Developer - Are you available for the most recognized sports retailer ?,Pentalog,No office location,https://stackoverflow.com/jobs/554216
React/Javascript Frontend Senior Developer,Providus Technologies Limited,"Quatre Bornes, Mauritius",https://stackoverflow.com/jobs/518632
Senior React Developer (m/w/d),reppa.net GmbH,"München, Deutschland",https://stackoverflow.com/jobs/365543
Senior React Developer | Contractor | Remote,Copado Strategic Services,No office location,https://stackoverflow.com/jobs/545086
Frontend Entwickler (w/m/d) React / JavaScript - bundesweit & Homeoffice,objective partner AG,"Weinheim, Deutschland",https://stackoverflow.com/jobs/550884
Software Engineer II (Ruby on Rails & React),Home Chef,"Chicago, IL",https://stackoverflow.com/jobs/519780
"Sr Full Stack Engineer - US & Canada Remote (.NET core, NoSQL, React, AWS)",Lone Wolf Technologies,No office location,https://stackoverflow.com/jobs/523487
Senior Fullstack Engineer (Python/Django/React)- #12 of Top-100 Marketplaces,StyleSeat,No office location,https://stackoverflow.com/jobs/561047
Senior Full Stack Developer,Marketman LTD,"Ra'anana, Israel",https://stackoverflow.com/jobs/565623
Data Engineer,VIOOH,"London, UK",https://stackoverflow.com/jobs/553122
Node.js Developer (Remote),Soshace LLC,No office location,https://stackoverflow.com/jobs/561826
"Senior QA Developer (JavaScript, Selenium)",IG Group,"Kraków, Poland",https://stackoverflow.com/jobs/536279
Software Engineering Manager (Remote),Branding Brand,No office location,https://stackoverflow.com/jobs/546565
DevOps Cloud Engineer (Kubernetes) - Remote,IG Group,No office location,https://stackoverflow.com/jobs/532885
Python/Django back-end developer (Remote),Soshace LLC,No office location,https://stackoverflow.com/jobs/561827
Senior Analytics Engineer,VIOOH,"London, UK",https://stackoverflow.com/jobs/562405
Site Reliability Engineer (SRE),VIOOH,"London, UK",https://stackoverflow.com/jobs/553123
Platform Operation Engineer,IG Group,"Kraków, Poland",https://stackoverflow.com/jobs/533129
Staff Software Engineer,"SocialChorus, Inc.",No office location,https://stackoverflow.com/jobs/551470
Senior Backend Developer,IG Group,"Kraków, Poland",https://stackoverflow.com/jobs/545281
Sr. Full Stack Engineer,"SocialChorus, Inc.",No office location,https://stackoverflow.com/jobs/523481
Java Software Engineer,IG Group,"London, UK",https://stackoverflow.com/jobs/555192
Senior iOS Developer (Swift / Objective-C) - Remote,IG Group,"London, UK",https://stackoverflow.com/jobs/530120
Senior Security Engineer,IG Group,"London, UK",https://stackoverflow.com/jobs/555193
Engineering Manager (f/m/x),Zenjob,"Berlin, Germany",https://stackoverflow.com/jobs/553614
Senior QA Developer,IG Group,"Kraków, Poland",https://stackoverflow.com/jobs/533832
Senior Android Developer,IG Group,"Kraków, Poland",https://stackoverflow.com/jobs/545280
Android Engineer,"SocialChorus, Inc.",No office location,https://stackoverflow.com/jobs/526782
C# Developer für Webanwendungen (w/*/m),queo GmbH,"Dresden, Deutschland",https://stackoverflow.com/jobs/522414
"Senior Front-end Engineer, Automation",Gorgias,No office location,https://stackoverflow.com/jobs/552582
Senior Software Engineer - Cards,C2FO,"Leawood, KS",https://stackoverflow.com/jobs/538364
Fullstack Engineer (f/m/x),Zenjob,"Berlin, Germany",https://stackoverflow.com/jobs/552354
iOS Developer,Marks & Spencer,"London, UK",https://stackoverflow.com/jobs/530984
Senior Software Engineer - Full Stack,C2FO,"Leawood, KS",https://stackoverflow.com/jobs/287269
Developer Advocate,"Zeplin, Inc","San Francisco, CA",https://stackoverflow.com/jobs/549154
Android Developer,Marks & Spencer,"London, UK",https://stackoverflow.com/jobs/530799
Full-Stack Software Engineer,Marks & Spencer,"London, UK",https://stackoverflow.com/jobs/530982
Senior DevOps Engineer,Zenjob,"Berlin, Germany",https://stackoverflow.com/jobs/552356
Jr. Software Engineer,FieldRoutes,No office location,https://stackoverflow.com/jobs/560734
Technical Lead - Data Event Platform,Marks & Spencer,"London, UK",https://stackoverflow.com/jobs/530983
"Senior Backend Developer (m/f/d) - remote, fulltime, long-term",Data Virtuality GmbH,No office location,https://stackoverflow.com/jobs/555598
Senior Backend Developer (m/f/d) - remote.,Data Virtuality GmbH,No office location,https://stackoverflow.com/jobs/553595
Java/Wildfly Backend Developer - m/f/d. LONG-TERM. CONTRACTOR. REMOTE.,Data Virtuality GmbH,No office location,https://stackoverflow.com/jobs/556747
Backend Engineer (Remote),Eterlast,"Barcelona, Spain",https://stackoverflow.com/jobs/563092
Senior Front-end / JS Developer (Remote),iubenda,"Milan, Italy",https://stackoverflow.com/jobs/565494
Frontend Engineer (Remote),Eterlast,"Barcelona, Spain",https://stackoverflow.com/jobs/563091
Staff Software Engineer,BillionToOne,"Menlo Park, CA",https://stackoverflow.com/jobs/565619
⌨️ Full-stack Software Development Engineer,Acho,"Boston, MA",https://stackoverflow.com/jobs/561831
Full Stack Developer - Senior,Enzyme Corp,"San Francisco, CA",https://stackoverflow.com/jobs/565947
Full-stack Typescript Software Engineer,Crazy Games,No office location,https://stackoverflow.com/jobs/296971
Full Stack Developer - Senior,Enzyme Corp,"San Francisco, CA",https://stackoverflow.com/jobs/565947
Head of Engineering,Matrak,"East Melbourne, Australia",https://stackoverflow.com/jobs/565911
Senior Frontend Engineer | Vue.js,iubenda,"Milan, Italy",https://stackoverflow.com/jobs/565495
Head of Software Engineering,EDGE10 Group,"London, UK",https://stackoverflow.com/jobs/561020
Director of Software Engineering (North America),EDGE10 Group,"Montreal, QC, Canada",https://stackoverflow.com/jobs/565752
Full Stack Software Developer,Limelyte Technology Group,"Spokane, WA",https://stackoverflow.com/jobs/565751
Front-end Developer at a fast-growing scale-up,Channable,"Utrecht, Netherlands",https://stackoverflow.com/jobs/308755
(Senior) Full-Stack Software Engineer for 20 Minuten news platform (f/m/d) 80-10,TX Group,"Zürich, Switzerland",https://stackoverflow.com/jobs/558879
"Senior Software Developer, Full-Stack","Alloy, Inc.","Vancouver, BC, Canada",https://stackoverflow.com/jobs/500205
Full-Stack Senior Software Engineer,Automation Consultants,"Reading, UK",https://stackoverflow.com/jobs/516019
Backend Developer,Octopus Energy,"London, UK",https://stackoverflow.com/jobs/197943
Senior Full-Stack Developer,Supermetrics Oy,"Helsinki, Finland",https://stackoverflow.com/jobs/565936
Senior Full Stack Developer,Motosumo ApS,"Herlev, Denmark",https://stackoverflow.com/jobs/565886
Software Engineer – Frontend / Fullstack (m/f/d) remote or on-site,HolidayCheck Group AG,"Munich, Germany",https://stackoverflow.com/jobs/297720
Senior Backend Software Engineer,C2FO,"Leawood, KS",https://stackoverflow.com/jobs/522851
Experienced Software Engineer,Outschool,No office location,https://stackoverflow.com/jobs/550915
Software Engineer - Full Stack,UPowr Pty Ltd,"Sydney, Australia",https://stackoverflow.com/jobs/501250
Senior Software Engineer,uShip,"Austin, TX",https://stackoverflow.com/jobs/537938
"Software Engineer, Frontend Infrastructure, Education",Chan Zuckerberg Initiative,"Redwood City, CA",https://stackoverflow.com/jobs/560738
Senior Full Stack Software Engineer,kaliber.ai,"San Francisco, CA",https://stackoverflow.com/jobs/251476
"Software Developers for our offices in Berlin, Hamburg, Göttingen or Abingdon",Evotec SE,"Hamburg, Germany",https://stackoverflow.com/jobs/524299
"Full Stack Software Engineer, Business Integrity",ByteDance,Singapore,https://stackoverflow.com/jobs/553099
Senior Full-Stack Developer - work Remotely for an Inc. 5000 Company!,OnePak Inc,No office location,https://stackoverflow.com/jobs/450184
"Senior/Front End Engineer, APAC",Coda Payments,No office location,https://stackoverflow.com/jobs/557316
"full-stack web developer (node.js, typescript)",code d'azur,"Amsterdam, Netherlands",https://stackoverflow.com/jobs/522428
Frontend Developer:in (all genders),asgoodasnew electronics GmbH,"Berlin, Deutschland",https://stackoverflow.com/jobs/565657
Senior JavaScript Engineer for our ecommerce storefront  (f/m/d),ePages GmbH,"Hamburg, Germany",https://stackoverflow.com/jobs/123431
Senior Full-Stack Software Engineer,NOW Payment Services Provider LLC,"Dubai, United Arab Emirates",https://stackoverflow.com/jobs/559758
Full Stack Software Engineer,"Old Mission Capital, LLC","Chicago, IL",https://stackoverflow.com/jobs/528808
Sr. or Lead Full Stack Engineer - Cisco Meraki - Fully Remote (U.S. or Canada),Cisco MerakiviaSource Coders,No office location,https://stackoverflow.com/jobs/565639
Backend Developer,AudioValley,"Paris, France",https://stackoverflow.com/jobs/518186
Senior Full Stack Developer,Motosumo ApS,"Herlev, Denmark",https://stackoverflow.com/jobs/565886
Backend Developer - APIs Team,Octopus Energy,"London, UK",https://stackoverflow.com/jobs/533658
Web Frontend Developer with an eye for professional user experience (m/f/d),Ergosign,"Saarbrücken, Deutschland",https://stackoverflow.com/jobs/456766
(Senior) Frontend Engineer at sustainable start-up (m/f/x) - Munich or Remote,FINN,"München, Germany",https://stackoverflow.com/jobs/519612
Remote Fullstack Entwicklerin (m/w/d),Ambient,"Köln, Deutschland",https://stackoverflow.com/jobs/552969
Full-Stack Junior Software Engineer,Automation Consultants,"Reading, UK",https://stackoverflow.com/jobs/516045
"Software Engineer, Frontend Infrastructure, Education",Chan Zuckerberg Initiative,"Redwood City, CA",https://stackoverflow.com/jobs/560738
Senior Backend (Python / Django) Engineer (m/f/x),Alasco,"München, Germany",https://stackoverflow.com/jobs/559740
Mobile Application Engineer (Kotlin / Android),Alfi Inc.,"Denver, CO",https://stackoverflow.com/jobs/522645
SENIOR FRONTEND SOFTWARE ENGINEER (F/M/D),4.screen GmbH,"München, Deutschland",https://stackoverflow.com/jobs/521008
Senior Full Stack Developer (m/w/d) - onsite or remote within the EU,ABOUT YOU SE & Co. KG,"Hamburg, Deutschland",https://stackoverflow.com/jobs/262255
Javascript & PHP Entwickler(in) für spannende Webapplikationen,4eyes GmbH,"Basel, Schweiz",https://stackoverflow.com/jobs/420062
Full-Stack Technical Lead,SSENSE,"Montreal, QC, Canada",https://stackoverflow.com/jobs/521742
Software Architect / Code Reviewer / Mentor - Part-time,Arcanys,No office location,https://stackoverflow.com/jobs/485542
Full Stack Developer,Catawiki,"Amsterdam, Netherlands",https://stackoverflow.com/jobs/551189
Software Developer (f/m/d),Trusted Shops GmbH,No office location,https://stackoverflow.com/jobs/553249
Back-End Developer (i.e. Python),Imaginary Cloud,No office location,https://stackoverflow.com/jobs/565769
Senior Full Stack Engineer - JavaScript Pro - Remote,Koji,No office location,https://stackoverflow.com/jobs/496856
